Designator,Comment,Footprint,Mid X,Mid Y,Rotation,Layer
"BZ1","MLT-8530","MagneticBuzzer_CUI_CMT-8540S-SMT",62.0000,-24.0000,0.0,Top
"C1","100n","SMD_0805",23.3000,-18.8250,0.0,Top
"C2","100n","SMD_0805",23.3000,-16.9000,0.0,Top
"C3","1u","SMD_0805",23.3000,-15.0500,0.0,Top
"C4","100n","SMD_0805_VR",11.0000,-23.3000,90.0,Top
"C5","100n","SMD_0805_VR",13.4500,-19.0000,90.0,Top
"C6","100n","SMD_0805_V",20.2000,-36.5000,90.0,Top
"C7","100n","SMD_0805",29.0000,-29.5000,0.0,Top
"C8","4u7","SMD_0805",29.0000,-36.5000,0.0,Top
"C9","10u","SMD_0805",76.5000,-37.0000,0.0,Top
"C10","1n","SMD_0805_F",11.0000,-19.9500,0.0,Top
"C11","1n","SMD_0805_F",11.0000,-18.0500,0.0,Top
"C12","100n","SMD_0805_F",33.5000,-7.0000,0.0,Top
"C13","10u","SMD_0805",34.0000,-26.5000,0.0,Top
"C14","1u","SMD_0805_V",33.5000,-13.8000,90.0,Top
"C15","10u","SMD_0805",79.3000,-43.5000,0.0,Top
"C16","10u","SMD_0805",60.0000,-36.0000,0.0,Top
"C17","100n","SMD_0805",23.1000,-35.6000,0.0,Top
"C18","100n","SMD_0805",66.2000,-14.7000,0.0,Top
"C19","100n","SMD_0805",69.5000,-14.0000,0.0,Top
"C20","10u","SMD_0805",17.5000,-12.8000,0.0,Top
"C21","10u","SMD_0805",72.0000,-37.0000,0.0,Top
"C22","10u","SMD_0805",26.9000,-11.7000,0.0,Top
"C25","1u","SMD_0805",59.5000,-31.8000,0.0,Top
"C26","100n","SMD_0805",73.0000,-8.4000,0.0,Top
"C27","100n","SMD_0805_VR",13.0000,-22.7000,90.0,Top
"C28","1n","SMD_0805",9.4000,-41.4000,0.0,Top
"C29","1n","SMD_0805",10.7000,-39.5000,0.0,Top
"D1","B5819W","D_SOD-123",66.0000,-42.0000,0.0,Top
"D2","1N4148W","D_SOD-123",69.5000,-22.0000,0.0,Top
"D4","B5819WS","D_SOD-323",70.0000,-43.5500,0.0,Top
"J5","TYPE-C-31-M-12","USB_C_Receptacle_HRO_TYPE-C-31-M-12",74.0000,-50.0000,0.0,Top
"Q1","AO3401A","SOT-23",68.0000,-38.0000,0.0,Top
"Q2","2N7002","SOT-23",55.5000,-28.0000,0.0,Top
"R1","1k","SMD_0805_VR",15.6200,-48.0000,90.0,Top
"R2","1k","SMD_0805_VR",13.0800,-48.0000,90.0,Top
"R3","4k7","SMD_0805",50.0000,-28.0000,0.0,Top
"R4","4k7","SMD_0805",50.0000,-30.5000,0.0,Top
"R5","10k","SMD_0805",33.5000,-10.8000,0.0,Top
"R6","10k","SMD_0805",58.5000,-16.0000,0.0,Top
"R8","5k1","SMD_0805_VR",73.0000,-42.3000,90.0,Top
"R9","5k1","SMD_0805_VR",75.7500,-42.3000,90.0,Top
"R10","2k7","SMD_0805",66.5000,-35.0000,0.0,Top
"R11","10k","SMD_0805",60.0000,-29.6000,0.0,Top
"R12","100k","SMD_0805",64.0000,-39.0000,0.0,Top
"R13","100k","SMD_0805",23.1000,-37.6000,0.0,Top
"R14","100k","SMD_0805",23.1000,-39.7000,0.0,Top
"R15","10k","SMD_0805",69.7500,-11.7100,0.0,Top
"R16","10k","SMD_0805",73.2400,-11.7200,0.0,Top
"R17","1k","SMD_0805",52.0000,-26.0000,0.0,Top
"R18","100k","SMD_0805",54.0000,-30.5000,0.0,Top
"R19","22R","SMD_0805_F",64.5000,-18.5000,0.0,Top
"R20","22R","SMD_0805_F",60.0000,-18.5000,0.0,Top
"R21","10k","SMD_0805",77.5000,-8.4000,0.0,Top
"R22","1k","SMD_0805",9.2000,-35.0800,0.0,Top
"R23","1k","SMD_0805",9.2000,-37.6200,0.0,Top
"R24","100R","SMD_0805_V",34.0000,-46.5000,90.0,Top
"R25","100R","SMD_0805_V",36.5400,-46.5000,90.0,Top
"R26","100R","SMD_0805_V",39.0800,-46.5000,90.0,Top
"R27","100R","SMD_0805_V",41.6200,-46.5000,90.0,Top
"R28","100R","SMD_0805_V",44.1600,-46.5000,90.0,Top
"R29","100R","SMD_0805_V",46.7000,-46.5000,90.0,Top
"R30","100R","SMD_0805_V",49.2400,-46.5000,90.0,Top
"R31","100R","SMD_0805_V",51.7800,-46.5000,90.0,Top
"R32","10k","SMD_0805",55.5000,-46.8000,0.0,Top
"U1","NAU7802SGI","SOIC-16_3.9x9.9mm_P1.27mm",18.0000,-22.0000,0.0,Top
"U2","LIS2DW12","LGA-12_2x2mm_P0.5mm_LIS2DW12",32.0000,-33.0000,0.0,Top
"U3","TMP102","SOT-563_1.6x1.6mm_P0.5mm",22.0000,-31.5000,0.0,Top
"U4","ESP32-S3-WROOM-1-N16R8","ESP32-S3-WROOM-1",45.0000,-11.0000,0.0,Top
"U5","TP4057-42","SOT-23-6",64.0000,-32.0000,0.0,Top
"U6","XC6220B331MR-G","SOT-23-5",74.0000,-34.0000,0.0,Top
"U7","HT7533-1","SOT-89-3",22.5000,-11.7000,0.0,Top
"U8","USBLC6-2SC6","SOT-23-6",79.0000,-40.5000,0.0,Top
